"0","0","Company military","60"
"1","1","Mother business open","101"
"2","2","Black man","151"
"3","3","Certain church","75"
"4","4","Forward enjoy bar tree","149"
"5","5","Natural former story","30"
"6","6","Campaign partner","126"
"7","7","Drop agreement authority","25"
"8","8","Any tell","11"
"9","9","How once gas","72"
"10","10","Actually TV beautiful good","105"
"11","11","Alone study check","64"
"12","12","Great","84"
"13","13","Amount maintain student commercial","25"
"14","14","Card allow cut","165"
"15","15","Center because action","3"
"16","16","Situation continue top","30"
"17","17","Few","24"
"18","18","Catch adult","93"
"19","19","Public beat own","175"
"20","20","Artist young least","91"
"21","21","Range others","129"
"22","22","None believe likely","146"
"23","23","Might join hand","200"
"24","24","Indeed politics another","11"
"25","25","Follow yet","119"
"26","26","Stock seem","45"
"27","27","Total table tree","191"
"28","28","Economy international","196"
"29","29","Mouth growth","63"
"30","30","Your no medical","132"
"31","31","Kind early","72"
"32","32","Stuff mission by culture","148"
"33","33","Skin start","125"
"34","34","Final","146"
"35","35","Character smile","91"
"36","36","Decision campaign","126"
"37","37","Figure wait arm everyone","44"
"38","38","Be finish","167"
"39","39","Cause probably head true","70"
"40","40","Send send which","105"
"41","41","Management avoid me","103"
"42","42","Forward","127"
"43","43","Resource listen","115"
"44","44","Mention president letter also","5"
"45","45","Long which","63"
"46","46","Despite camera size","145"
"47","47","Behind indicate project","152"
"48","48","Information most","73"
"49","49","Four news","176"
"50","50","Election parent feeling","20"
"51","51","Group down","175"
"52","52","Front popular","34"
"53","53","Mother","41"
"54","54","Crime onto dinner","68"
"55","55","Medical while account","14"
"56","56","Measure first","16"
"57","57","Provide lose I","88"
"58","58","Ahead southern","178"
"59","59","At outside","114"
"60","60","Quality ever","139"
"61","61","Want them","100"
"62","62","Business yourself set","63"
"63","63","Field than like star","133"
"64","64","Travel then","51"
"65","65","Adult likely guy","25"
"66","66","Leave whole understand","119"
"67","67","Reflect six market","53"
"68","68","Theory research","128"
"69","69","Small","60"
"70","70","Walk write","162"
"71","71","Newspaper find","162"
"72","72","Blue early","130"
"73","73","Yes executive agree","106"
"74","74","Class offer lay","30"
"75","75","Apply peace culture thing","120"
"76","76","Federal before someone region","113"
"77","77","Where whole","23"
"78","78","Sign","134"
"79","79","Money include","129"
"80","80","With author national","190"
"81","81","Camera stay allow","37"
"82","82","Have there newspaper would","16"
"83","83","Responsibility doctor","75"
"84","84","Current design","135"
"85","85","Pull card","57"
"86","86","Catch history","11"
"87","87","Want skill just forward","63"
"88","88","Few small identify","47"
"89","89","Receive throughout of person","78"
"90","90","Continue sometimes","10"
"91","91","Newspaper design","1"
"92","92","Involve successful","198"
"93","93","It","10"
"94","94","Article can majority appear","63"
"95","95","Reality likely system","6"
"96","96","Light","195"
"97","97","Agent whose two","99"
"98","98","Part","59"
"99","99","Prevent always","116"
"100","100","Measure safe treat","52"
"101","101","Discussion change song","5"
"102","102","Them guy marriage","196"
"103","103","Morning what account","200"
"104","104","Style stock","16"
"105","105","Possible couple","125"
"106","106","Single understand push","144"
"107","107","Free test","102"
"108","108","Just public","152"
"109","109","Thus happen recently","2"
"110","110","Mission very analysis","20"
"111","111","Represent everybody newspaper","14"
"112","112","Our","37"
"113","113","History clear","54"
"114","114","Tax quickly","74"
"115","115","Positive training","176"
"116","116","Grow food","178"
"117","117","Who dog","165"
"118","118","Stage land nation","144"
"119","119","Area cell executive","189"
"120","120","System remember","62"
"121","121","Of maintain its","127"
"122","122","Administration key","101"
"123","123","Nice career","62"
"124","124","Suggest authority respond","39"
"125","125","Worker officer","168"
"126","126","Last matter","145"
"127","127","Policy over","27"
"128","128","Accept quite","32"
"129","129","Class produce within","58"
"130","130","Attack","78"
"131","131","Travel program","148"
"132","132","Possible actually","93"
"133","133","Poor avoid","90"
"134","134","Factor son rule","126"
"135","135","Language key","7"
"136","136","Put hospital","82"
"137","137","Form right job","102"
"138","138","Ready vote blood","35"
"139","139","Design address discover","82"
"140","140","Just","42"
"141","141","Chair strategy","181"
"142","142","Hot herself","63"
"143","143","I Mrs all","142"
"144","144","Act","50"
"145","145","The response","191"
"146","146","Somebody base agreement","199"
"147","147","Something wish realize","65"
"148","148","Imagine age culture","126"
"149","149","Everything when west hair","194"
"150","150","Official minute","153"
"151","151","Along finally writer within","8"
"152","152","Really expert","183"
"153","153","Class protect","14"
"154","154","Better majority spring","152"
"155","155","Ever lay police","36"
"156","156","Measure low","200"
"157","157","Same realize run","155"
"158","158","Car garden","109"
"159","159","Those education represent","45"
"160","160","Official leave","57"
"161","161","If job meeting","198"
"162","162","Want speak father","145"
"163","163","Control concern realize","92"
"164","164","Reach opportunity pick","61"
"165","165","Support piece","29"
"166","166","Learn interest season","68"
"167","167","Area south black","154"
"168","168","Child write","177"
"169","169","Education threat provide","67"
"170","170","Education five subject every","13"
"171","171","South appear thousand","8"
"172","172","Account seat","192"
"173","173","Main agency author","43"
"174","174","Few government poor","149"
"175","175","Moment along senior","44"
"176","176","Country","45"
"177","177","Collection live both again","9"
"178","178","Artist share nearly","76"
"179","179","Whether source for","114"
"180","180","Number group ability follow","67"
"181","181","History task","46"
"182","182","Music series above","92"
"183","183","Describe figure","18"
"184","184","Charge service attack","17"
"185","185","Well decade respond","32"
"186","186","Writer poor form","49"
"187","187","Who age","64"
"188","188","Against use","128"
"189","189","However while","120"
"190","190","Method because office","186"
"191","191","Yes kitchen","52"
"192","192","Until north","159"
"193","193","Memory","106"
"194","194","Pm","72"
"195","195","Popular price","58"
"196","196","Her without","97"
"197","197","Loss industry","188"
"198","198","Staff save land","47"
"199","199","Respond chair civil feeling","14"
"200","200","Compare audience teacher","115"
"201","201","Center place","160"
"202","202","Really near agree","100"
"203","203","Law strategy","68"
"204","204","Son organization young","105"
"205","205","Join clear","115"
"206","206","Always raise collection","125"
"207","207","Others","190"
"208","208","Life effect","106"
"209","209","Improve anything","149"
"210","210","Employee various movement","191"
"211","211","Discover read doctor","170"
"212","212","Management walk","47"
"213","213","Thought degree","131"
"214","214","Hard station","45"
"215","215","Off nice second","91"
"216","216","We parent check","44"
"217","217","Really down","51"
"218","218","Me","177"
"219","219","Level source wide","192"
"220","220","Set agency","111"
"221","221","Check material","142"
"222","222","Research writer wrong","34"
"223","223","Price final","130"
"224","224","Wall lot short guess","85"
"225","225","Our cup data","6"
"226","226","Education speech tonight","19"
"227","227","Around individual my","152"
"228","228","Near it","21"
"229","229","Father then","173"
"230","230","Wait campaign scientist","22"
"231","231","Note or focus","173"
"232","232","Discover else sure","29"
"233","233","Strong opportunity","130"
"234","234","Section of player","45"
"235","235","Range likely","32"
"236","236","You news improve","161"
"237","237","Subject process responsibility","179"
"238","238","Pull they","5"
"239","239","Own dog","145"
"240","240","Product late development","22"
"241","241","Parent music","25"
"242","242","Large office can","124"
"243","243","Network throw","166"
"244","244","Reach peace data","99"
"245","245","Happen military force","76"
"246","246","Tonight natural religious sell","106"
"247","247","Customer finally","60"
"248","248","At sea","172"
"249","249","Could wrong within","21"
"250","250","Family child","159"
"251","251","Poor suffer most","8"
"252","252","Go ask","17"
"253","253","Front form author","132"
"254","254","Recent test look","115"
"255","255","Industry trade various","146"
"256","256","Toward get its","68"
"257","257","Along","9"
"258","258","Hand surface act","77"
"259","259","Action stuff red","89"
"260","260","Bag true decide","18"
"261","261","Matter","172"
"262","262","Realize office","49"
"263","263","Say rule","92"
"264","264","Government fine","39"
"265","265","Professional build","80"
"266","266","Include","46"
"267","267","Act the heart federal","65"
"268","268","Hard","7"
"269","269","Movie coach","31"
"270","270","Season view","173"
"271","271","Too cause","64"
"272","272","Friend south","175"
"273","273","Four site","87"
"274","274","Natural dream without","188"
"275","275","Ever forward","80"
"276","276","Why home","15"
"277","277","Friend fall without method","99"
"278","278","Discover dream","41"
"279","279","Task wish throughout","71"
"280","280","Scene represent","130"
"281","281","Black skill performance","179"
"282","282","Police ask","195"
"283","283","Answer poor","151"
"284","284","Special miss","82"
"285","285","More fall","136"
"286","286","Consumer within answer","17"
"287","287","Adult understand","30"
"288","288","Or week morning","184"
"289","289","Doctor commercial","24"
"290","290","Indeed contain tough","150"
"291","291","Song guess your","149"
"292","292","Gun until","114"
"293","293","Quite catch","138"
"294","294","Learn outside represent","34"
"295","295","Recognize","69"
"296","296","Newspaper yeah","80"
"297","297","Their painting","86"
"298","298","Morning","72"
"299","299","Claim accept hit","102"
"300","300","Purpose improve","41"
"301","301","Threat range ten","34"
"302","302","Number customer sister","24"
"303","303","Notice ask relationship","136"
"304","304","Most fish","177"
"305","305","Remain bad","122"
"306","306","Five church growth may","148"
"307","307","Quite little sign","173"
"308","308","Put move","195"
"309","309","Push ready issue","106"
"310","310","Out the upon","76"
"311","311","Food although","138"
"312","312","Prepare article","56"
"313","313","Feeling plant sense","100"
"314","314","Just condition","90"
"315","315","Degree education","103"
"316","316","Stage quality","52"
"317","317","Film tend","43"
"318","318","Beautiful camera couple","27"
"319","319","Around","2"
"320","320","Type check ok","83"
"321","321","Church cup serve","64"
"322","322","Thousand should various","164"
"323","323","Say chair building","171"
"324","324","Analysis thousand defense","15"
"325","325","Lead raise see lawyer","54"
"326","326","Election material pick","50"
"327","327","Sort window","184"
"328","328","Statement","84"
"329","329","Inside entire have","78"
"330","330","People game","180"
"331","331","Heart heavy real","49"
"332","332","Less adult","65"
"333","333","Why require","79"
"334","334","Senior off","26"
"335","335","Edge sport","164"
"336","336","Age quite travel","119"
"337","337","Build","162"
"338","338","Total attention each","39"
"339","339","Almost popular","167"
"340","340","Wait continue","36"
"341","341","Ready","94"
"342","342","Walk","68"
"343","343","Ability ten green","55"
"344","344","Add buy range","152"
"345","345","Feel history sure","25"
"346","346","Similar local","20"
"347","347","Southern","97"
"348","348","Leader fund","101"
"349","349","Because level response","57"
"350","350","City program","42"
"351","351","Draw animal manage","5"
"352","352","Represent support","79"
"353","353","Amount baby despite","150"
"354","354","Expert fear leg","9"
"355","355","Improve film against garden","147"
"356","356","Different","148"
"357","357","Region put near","144"
"358","358","Less position","40"
"359","359","Owner nothing","68"
"360","360","Through skin","9"
"361","361","Certain ago site","15"
"362","362","As range than dream","20"
"363","363","Strategy staff line record","164"
"364","364","Then within","108"
"365","365","Nor animal exactly","80"
"366","366","Upon size owner","6"
"367","367","Interesting anyone than","153"
"368","368","Threat","177"
"369","369","Care send","143"
"370","370","Pretty fear","195"
"371","371","Agree church","103"
"372","372","Without simple","15"
"373","373","To reflect","9"
"374","374","Third idea","87"
"375","375","Major part be","83"
"376","376","Not point","12"
"377","377","Personal face","89"
"378","378","Especially power","148"
"379","379","Run morning region","138"
"380","380","Tend method song","162"
"381","381","Bill","59"
"382","382","Cause spend","33"
"383","383","Until leg professor","55"
"384","384","Source part","84"
"385","385","Morning else none","119"
"386","386","Number go","62"
"387","387","Leave behavior explain","181"
"388","388","Pm","91"
"389","389","Successful moment impact","61"
"390","390","Lead church thus","44"
"391","391","Save clear ask","67"
"392","392","Quickly Congress would","158"
"393","393","Task close","133"
"394","394","Decade sell","180"
"395","395","From writer interesting","132"
"396","396","Professional make","177"
"397","397","Huge","120"
"398","398","Everything young","64"
"399","399","According detail","138"
"400","400","Use","19"
"401","401","Look reduce cup","120"
"402","402","Natural","73"
"403","403","Leg drive front who","60"
"404","404","Family as","62"
"405","405","Why accept eight under","22"
"406","406","That member","102"
"407","407","This hold","187"
"408","408","Their music degree find","71"
"409","409","White throughout","163"
"410","410","Party sell","25"
"411","411","Herself air","105"
"412","412","Mention experience","135"
"413","413","Trouble","113"
"414","414","Five before","17"
"415","415","Remember trial","95"
"416","416","Energy traditional force","88"
"417","417","Article","111"
"418","418","Nation consider","126"
"419","419","Contain woman born","67"
"420","420","Life red","75"
"421","421","Give strategy","105"
"422","422","During miss dark ability","55"
"423","423","Thing performance carry","196"
"424","424","Present third traditional","45"
"425","425","Whole score","46"
"426","426","Suffer series democratic none","140"
"427","427","Political hold","132"
"428","428","Woman young entire","4"
"429","429","Parent election rather","81"
"430","430","Pretty state election","164"
"431","431","Structure or southern record","188"
"432","432","Economic model Mrs record","129"
"433","433","Common usually building","200"
"434","434","Choose career","97"
"435","435","Other","183"
"436","436","Participant good night","194"
"437","437","Allow unit soon","187"
"438","438","Air good","11"
"439","439","Book brother","85"
"440","440","Produce office","103"
"441","441","Number here which away","18"
"442","442","There into","42"
"443","443","Avoid art","180"
"444","444","View house able","2"
"445","445","Community field identify","136"
"446","446","Unit recent","65"
"447","447","Most floor list","188"
"448","448","Radio all first","104"
"449","449","Sort","108"
"450","450","Give establish","79"
"451","451","Finally laugh","136"
"452","452","Total our story","28"
"453","453","Knowledge foot others his","185"
"454","454","Mother","178"
"455","455","Hotel voice both","200"
"456","456","Manager west doctor","54"
"457","457","Apply window rise","117"
"458","458","Follow daughter smile direction","83"
"459","459","Dinner for","40"
"460","460","Life fight","73"
"461","461","Charge perhaps mind","121"
"462","462","Fine company","119"
"463","463","Of have","69"
"464","464","Same religious","27"
"465","465","Which particularly floor","199"
"466","466","Blood","113"
"467","467","Account animal","85"
"468","468","Authority southern year","52"
"469","469","Want","90"
"470","470","Security daughter voice","153"
"471","471","Image pressure","178"
"472","472","Again partner hospital","169"
"473","473","School still stay","168"
"474","474","Difficult south media","63"
"475","475","Purpose seat","39"
"476","476","Only your moment","27"
"477","477","Social west appear","183"
"478","478","Dog big","39"
"479","479","Son discover those","47"
"480","480","Total we","181"
"481","481","Big ten yeah","155"
"482","482","Far","33"
"483","483","Computer","31"
"484","484","Able Mrs","1"
"485","485","Building country agency","29"
"486","486","Seem do","107"
"487","487","Between great specific","126"
"488","488","Stand mind control site","73"
"489","489","Whose term","197"
"490","490","Instead sound thus","141"
"491","491","Finally finally run","185"
"492","492","Writer into avoid","42"
"493","493","Indeed media","84"
"494","494","Reduce forward image","21"
"495","495","World region daughter","7"
"496","496","Green current scene air","134"
"497","497","Remember end","17"
"498","498","Protect federal","49"
"499","499","Activity idea","7"
"500","500","Ask use","151"
"501","501","Protect practice voice","62"
"502","502","Increase meet exactly","80"
"503","503","Single","158"
"504","504","Wish agree population","161"
"505","505","Her","127"
"506","506","Approach energy window attorney","60"
"507","507","Smile customer whom","29"
"508","508","Personal wait team off","150"
"509","509","Because report weight","99"
"510","510","Finally despite","53"
"511","511","Impact subject","7"
"512","512","Within camera turn","51"
"513","513","Window road","98"
"514","514","Front already","111"
"515","515","Like Congress defense","67"
"516","516","Parent","100"
"517","517","Little keep return boy","78"
"518","518","Sell represent table","126"
"519","519","Pick exist","140"
"520","520","Reflect later","131"
"521","521","Need per","90"
"522","522","Various","144"
"523","523","Movie fast","11"
"524","524","Gas class wife","185"
"525","525","Peace door","19"
"526","526","Offer","116"
"527","527","Get old","11"
"528","528","Several buy","24"
"529","529","About help","197"
"530","530","He huge a","147"
"531","531","Family party","101"
"532","532","Various down industry","129"
"533","533","Court standard","103"
"534","534","Put market magazine","50"
"535","535","Series actually ready","95"
"536","536","They system once democratic","67"
"537","537","Forward student political","88"
"538","538","First minute","105"
"539","539","Economy be political","189"
"540","540","Attack need","146"
"541","541","Remain service hold","3"
"542","542","Out project vote","33"
"543","543","Letter","1"
"544","544","Nature","176"
"545","545","Get none","129"
"546","546","Owner to say","164"
"547","547","Feeling message","167"
"548","548","Sit medical","104"
"549","549","Director put","45"
"550","550","Apply director","171"
"551","551","Whatever","71"
"552","552","Prevent prepare law","32"
"553","553","Product what","128"
"554","554","Operation wait","55"
"555","555","Chance phone","42"
"556","556","Mr value","115"
"557","557","Blue part","97"
"558","558","Themselves southern concern","28"
"559","559","House method future real","116"
"560","560","Whose next","35"
"561","561","Herself","114"
"562","562","Local scene","190"
"563","563","This","83"
"564","564","Thing remember evening probably","187"
"565","565","Woman onto such campaign","177"
"566","566","Leg attorney","176"
"567","567","Seem bag top feeling","98"
"568","568","High box","159"
"569","569","Team benefit discuss","147"
"570","570","If bar","18"
"571","571","Not different","91"
"572","572","New grow recently past","80"
"573","573","Turn me defense","122"
"574","574","Worry","89"
"575","575","Bit","118"
"576","576","Agency","102"
"577","577","Tonight line theory","110"
"578","578","Positive wife","130"
"579","579","Political simply","196"
"580","580","Writer least","154"
"581","581","Discover knowledge nor space","187"
"582","582","Bag bag action","199"
"583","583","Large listen tough","99"
"584","584","Discuss major end","63"
"585","585","Full catch","174"
"586","586","Structure whom","154"
"587","587","Million almost","64"
"588","588","Happy let","9"
"589","589","Word turn","97"
"590","590","Same describe","19"
"591","591","Really center common","33"
"592","592","Beat system","110"
"593","593","Kind","143"
"594","594","Total food have fish","83"
"595","595","Voice","184"
"596","596","Strong","94"
"597","597","Cost conference","143"
"598","598","Service music","151"
"599","599","Sport hope","190"
"600","600","Step drug","160"
"601","601","Later again school","194"
"602","602","Cell support scientist","128"
"603","603","Name magazine","27"
"604","604","Suggest according say","6"
"605","605","Suggest last","76"
"606","606","Tonight full six","95"
"607","607","Talk under data","132"
"608","608","Know nice","153"
"609","609","Stay","84"
"610","610","Night specific nor","143"
"611","611","Act best peace","118"
"612","612","Past with","144"
"613","613","Yet although cultural","199"
"614","614","Century program special","80"
"615","615","Likely","137"
"616","616","Black market future","10"
"617","617","Reach speech scientist","198"
"618","618","At agree staff","159"
"619","619","Close ok against","100"
"620","620","Open style certain","10"
"621","621","Consider ask behavior","10"
"622","622","Others traditional","37"
"623","623","Financial sport","65"
"624","624","Scientist score production","16"
"625","625","Cause probably politics","167"
"626","626","Everything effect responsibility thus","110"
"627","627","Knowledge sit woman","199"
"628","628","Skin law age","12"
"629","629","Everyone weight","113"
"630","630","Establish big Mrs","20"
"631","631","Television purpose","116"
"632","632","High million","113"
"633","633","Treat question only","104"
"634","634","Occur go","31"
"635","635","Issue interest family","134"
"636","636","Team not","118"
"637","637","Yeah become","115"
"638","638","These environmental","62"
"639","639","Guess","55"
"640","640","Eight to","199"
"641","641","Along under compare nice","124"
"642","642","Clear talk","176"
"643","643","Film student visit must","72"
"644","644","Reason tend arm","148"
"645","645","Stand important","88"
"646","646","Him","63"
"647","647","Which who early","69"
"648","648","Above anything expert","6"
"649","649","Other present manage among","190"
"650","650","Hour while","38"
"651","651","Project learn sport","142"
"652","652","Field senior","51"
"653","653","He also","14"
"654","654","Hard president life","116"
"655","655","Evening ten","56"
"656","656","Especially relationship","169"
"657","657","Manager development mention","47"
"658","658","Big newspaper","140"
"659","659","Later plan","53"
"660","660","Follow media election","118"
"661","661","Particular stuff west","29"
"662","662","Lawyer bad","63"
"663","663","Her watch teacher","103"
"664","664","Beyond form","71"
"665","665","Deal","47"
"666","666","Under southern time truth","100"
"667","667","Military new","122"
"668","668","Capital use","21"
"669","669","Road share inside","121"
"670","670","Attorney single","95"
"671","671","Laugh on education way","31"
"672","672","Campaign who benefit","18"
"673","673","Until civil final","179"
"674","674","Push into TV","128"
"675","675","Unit relationship magazine","103"
"676","676","Vote cell spring","174"
"677","677","Something manager","172"
"678","678","Condition news among","170"
"679","679","Sport student","63"
"680","680","Letter yourself","105"
"681","681","Sound social","171"
"682","682","Shoulder information","148"
"683","683","Hospital tough","71"
"684","684","Agent likely together election","6"
"685","685","Accept perform year","68"
"686","686","Place close reveal but","146"
"687","687","Light learn hospital","126"
"688","688","Cause itself student","44"
"689","689","Seat total","119"
"690","690","Ever","140"
"691","691","Clearly artist","146"
"692","692","Name other","185"
"693","693","Way walk itself","187"
"694","694","Choose court these","177"
"695","695","All mention","138"
"696","696","Foot although citizen away","70"
"697","697","Owner size","78"
"698","698","Accept finally case","126"
"699","699","Project hospital","78"
"700","700","Agent mention","134"
"701","701","Chair society avoid","43"
"702","702","Difference market attention","196"
"703","703","Speech return well","40"
"704","704","Help wear","39"
"705","705","Because","20"
"706","706","Determine white college","94"
"707","707","Yourself or one","116"
"708","708","Why who","35"
"709","709","Lose ago who","96"
"710","710","Chair","22"
"711","711","Always","38"
"712","712","I office night","76"
"713","713","Campaign such","133"
"714","714","Knowledge many","174"
"715","715","I ability whose","93"
"716","716","Option hotel","156"
"717","717","Agree establish PM","55"
"718","718","Someone crime generation","51"
"719","719","Term both us","135"
"720","720","Control exist reduce","39"
"721","721","Painting","18"
"722","722","Leave than","57"
"723","723","Fund","7"
"724","724","Stand young dream","103"
"725","725","Ball right employee","113"
"726","726","Find individual","165"
"727","727","Man help","61"
"728","728","Look agree","148"
"729","729","State two","168"
"730","730","Opportunity similar address","102"
"731","731","Anything radio","57"
"732","732","However recent","10"
"733","733","Crime agent","33"
"734","734","Affect","58"
"735","735","Shoulder culture","191"
"736","736","Five meet into","165"
"737","737","Project movie","41"
"738","738","Throughout parent face","142"
"739","739","Meeting point","90"
"740","740","Partner physical especially","96"
"741","741","House table create day","65"
"742","742","Both modern","45"
"743","743","Poor doctor by","103"
"744","744","Will information","136"
"745","745","Movie fact toward","157"
"746","746","Guess pick","176"
"747","747","Themselves condition believe","152"
"748","748","Everyone you","102"
"749","749","Indicate","166"
"750","750","Sense out","32"
"751","751","Likely particular","65"
"752","752","Cover life","80"
"753","753","Effect","162"
"754","754","Break wish itself","40"
"755","755","Class","6"
"756","756","Process write","3"
"757","757","Do chance","191"
"758","758","Place policy but","145"
"759","759","Most carry the","42"
"760","760","None area think want","163"
"761","761","Military such","97"
"762","762","Professional","191"
"763","763","Put prepare son","35"
"764","764","Up value","166"
"765","765","Mrs wall","81"
"766","766","National college raise","122"
"767","767","Score window","76"
"768","768","Establish movie focus","161"
"769","769","Seem life","33"
"770","770","Citizen up safe","180"
"771","771","Successful experience real","170"
"772","772","Control onto experience act","60"
"773","773","Quite gun","37"
"774","774","Sign majority","45"
"775","775","Growth whose though","159"
"776","776","Issue probably","173"
"777","777","Debate few line community","54"
"778","778","Effect adult","71"
"779","779","Clear grow","157"
"780","780","Send nice interview","71"
"781","781","Somebody us","91"
"782","782","Address second behavior","56"
"783","783","Character nothing avoid","192"
"784","784","Deep central better idea","159"
"785","785","Close debate good","194"
"786","786","Top bad threat","143"
"787","787","Last politics","125"
"788","788","Well news","129"
"789","789","Out fill worry","23"
"790","790","Idea provide","142"
"791","791","Determine will despite","164"
"792","792","Figure source","159"
"793","793","Company approach specific","172"
"794","794","Out issue","153"
"795","795","Special available commercial","12"
"796","796","Heart high value","113"
"797","797","He director discuss","114"
"798","798","Get spring continue father","111"
"799","799","Grow","25"
"800","800","Anything world part","20"
"801","801","Recognize it worker","46"
"802","802","Occur myself opportunity tree","47"
"803","803","Leave","139"
"804","804","Arrive mother a","132"
"805","805","Couple investment","7"
"806","806","Else great happy","103"
"807","807","Company foreign","200"
"808","808","Morning home","80"
"809","809","Cause course build","4"
"810","810","Cup trouble","71"
"811","811","Forward popular citizen","126"
"812","812","Participant point join wind","103"
"813","813","Live wonder prepare","115"
"814","814","Religious","35"
"815","815","Get sure","64"
"816","816","Business paper","29"
"817","817","Shoulder make","45"
"818","818","That easy record","145"
"819","819","Indeed spend minute section","190"
"820","820","Foot middle","51"
"821","821","American","198"
"822","822","Training write national","129"
"823","823","Week pattern","111"
"824","824","Major firm low","113"
"825","825","Popular often","85"
"826","826","Entire would","164"
"827","827","Turn whom","159"
"828","828","Manage","67"
"829","829","Certain away bank","53"
"830","830","Physical teach","47"
"831","831","Suffer usually me long","91"
"832","832","Point international","29"
"833","833","Early act note","170"
"834","834","Season","53"
"835","835","Question sort campaign","55"
"836","836","Every skill","63"
"837","837","Skin line","1"
"838","838","People fall","16"
"839","839","Gun south","94"
"840","840","Cultural fear","155"
"841","841","Good true","145"
"842","842","Process","170"
"843","843","Actually if condition","158"
"844","844","Doctor must","167"
"845","845","Detail","60"
"846","846","Onto positive would","140"
"847","847","Catch course","29"
"848","848","Try sit way glass","176"
"849","849","Never energy","13"
"850","850","Onto standard perform foot","112"
"851","851","Safe TV","78"
"852","852","Record staff","110"
"853","853","Color owner","152"
"854","854","Religious my order night","66"
"855","855","Everyone thus","172"
"856","856","Series very then","16"
"857","857","Still what able","13"
"858","858","Science training","12"
"859","859","Cold those","94"
"860","860","Thousand you","113"
"861","861","Maybe purpose cost","52"
"862","862","Identify general","170"
"863","863","Easy pick believe","97"
"864","864","Building success","41"
"865","865","Must report","73"
"866","866","Field measure","53"
"867","867","Bad reduce mouth man","75"
"868","868","Few","186"
"869","869","By book speak","25"
"870","870","Former of","162"
"871","871","Tree","135"
"872","872","Unit factor","23"
"873","873","Seat career","110"
"874","874","Many fill significant","4"
"875","875","Power tax someone itself","4"
"876","876","Place item travel","195"
"877","877","Generation way","86"
"878","878","Either direction red","57"
"879","879","Morning order","129"
"880","880","Example leg involve","104"
"881","881","Statement speech","128"
"882","882","Quite wife behavior interest","95"
"883","883","Along Republican","176"
"884","884","Tv mother key","15"
"885","885","Forget moment","125"
"886","886","Wind few fund for","147"
"887","887","Wrong join attention","101"
"888","888","So score front","178"
"889","889","Open like","130"
"890","890","Simply compare somebody","122"
"891","891","Method sometimes shake","130"
"892","892","Stay serve street","163"
"893","893","Dark land","102"
"894","894","Politics big most","46"
"895","895","Cause","151"
"896","896","Experience item","25"
"897","897","Republican field","31"
"898","898","Season political","76"
"899","899","Around up value risk","85"
"900","900","Student sure song","29"
"901","901","Local discover life","141"
"902","902","Subject race current","184"
"903","903","Level another","112"
"904","904","Week put","45"
"905","905","Part four same","47"
"906","906","Less rich","13"
"907","907","Want commercial","173"
"908","908","Result word","67"
"909","909","Recently service","107"
"910","910","Anything clearly cost lot","58"
"911","911","While","54"
"912","912","Interview point","160"
"913","913","Produce open","134"
"914","914","Project close station","32"
"915","915","Choose prove","111"
"916","916","Her","125"
"917","917","Country week catch","132"
"918","918","Phone case","30"
"919","919","Show ready foreign","146"
"920","920","Find leg face society","127"
"921","921","Guess Republican","134"
"922","922","Card surface","195"
"923","923","Provide woman reduce","124"
"924","924","Give available","21"
"925","925","Cell Mr chance","159"
"926","926","Part seem wide","82"
"927","927","Act new force","121"
"928","928","Continue address you","89"
"929","929","Develop","113"
"930","930","Himself particular","145"
"931","931","Consumer interest chair","51"
"932","932","We movement nice development","134"
"933","933","Development expert director","115"
"934","934","Late however","110"
"935","935","Time stay teach increase","108"
"936","936","Animal certain","95"
"937","937","Head","109"
"938","938","Guy camera","142"
"939","939","Anything this","150"
"940","940","Her admit instead","26"
"941","941","Coach analysis throw","51"
"942","942","Cup start nice","199"
"943","943","Development however force","180"
"944","944","Let company anyone","59"
"945","945","So meeting beat","46"
"946","946","Manager","0"
"947","947","Billion allow","168"
"948","948","Best room shake","59"
"949","949","Morning agency yourself","8"
"950","950","Case effect special","72"
"951","951","Economic now common","105"
"952","952","Trouble those","122"
"953","953","Range if question","66"
"954","954","Indicate fly","157"
"955","955","Thought upon","87"
"956","956","Huge fly score","99"
"957","957","Open listen","178"
"958","958","Skin different guess","79"
"959","959","Congress enter","22"
"960","960","Leg question","144"
"961","961","Own summer","11"
"962","962","For sure","200"
"963","963","Step","36"
"964","964","Much director second","173"
"965","965","Physical six most","169"
"966","966","Any baby","144"
"967","967","Ball big try","35"
"968","968","Theory","180"
"969","969","Mind feel manager","62"
"970","970","Much list property","134"
"971","971","Open agree","43"
"972","972","Born each","28"
"973","973","Instead population his while","173"
"974","974","Professional home office","124"
"975","975","Travel course perform","148"
"976","976","Minute game government","112"
"977","977","No get","91"
"978","978","Manager deal serious","59"
"979","979","West plan know","57"
"980","980","Travel character bring","102"
"981","981","Really beyond chair special","159"
"982","982","Among perhaps","54"
"983","983","From our energy","166"
"984","984","Prove executive also best","18"
"985","985","Analysis good","33"
"986","986","Road though","57"
"987","987","High evening happy","159"
"988","988","Remember agree","86"
"989","989","Effort","147"
"990","990","Another cultural","73"
"991","991","Own really night","111"
"992","992","Theory if","96"
"993","993","Meeting north look","120"
"994","994","Road rock base","73"
"995","995","Admit front","44"
"996","996","Face consider","36"
"997","997","Wait right","197"
"998","998","May company page","192"
"999","999","Others","129"
"1000","1000","Seat raise yeah","36"
"1001","1001","Article work just","137"
"1002","1002","Risk music pressure","98"
"1003","1003","Other about","97"
"1004","1004","Worker room radio community","161"
"1005","1005","Success position","157"
"1006","1006","Free side","171"
"1007","1007","Garden suffer fine test","36"
"1008","1008","Yes agree","72"
"1009","1009","Sister word mean","91"
"1010","1010","Mission","124"
"1011","1011","Enough budget","189"
"1012","1012","Mouth teach","137"
"1013","1013","Investment pull animal","92"
"1014","1014","Speak impact","2"
"1015","1015","Reveal believe camera","26"
"1016","1016","Respond sister position","21"
"1017","1017","Large memory end","176"
"1018","1018","Difficult contain drive","12"
"1019","1019","Four cover","188"
"1020","1020","Consider throughout","153"
"1021","1021","For","119"
"1022","1022","Stay point strategy","57"
"1023","1023","Nature garden","50"
"1024","1024","Message remain","42"
"1025","1025","Clearly nation leave","118"
"1026","1026","Future wait","40"
"1027","1027","Human add","83"
"1028","1028","Although doctor film","40"
"1029","1029","Total through sense","49"
"1030","1030","First action","116"
"1031","1031","Out certainly hour","22"
"1032","1032","Picture difficult yard","128"
"1033","1033","Responsibility age","7"
"1034","1034","Light east TV","60"
"1035","1035","Down simple","98"
"1036","1036","Player young bit economy","51"
"1037","1037","Describe surface plan","122"
"1038","1038","Full material","100"
"1039","1039","Soon","82"
"1040","1040","Win them","66"
"1041","1041","Interesting partner suffer","190"
"1042","1042","Rest analysis issue room","85"
"1043","1043","Cold time worry","46"
"1044","1044","Particular person","11"
"1045","1045","Possible provide","161"
"1046","1046","Professor fish lay","70"
"1047","1047","Capital compare","39"
"1048","1048","Bar real allow","74"
"1049","1049","Director","176"
"1050","1050","Group research give","75"
"1051","1051","Hold writer them including","113"
"1052","1052","Million list","175"
"1053","1053","Live coach each","186"
"1054","1054","Cut political certain","156"
"1055","1055","Over defense","96"
"1056","1056","Kid man","188"
"1057","1057","Heavy","30"
"1058","1058","Future fund","163"
"1059","1059","Grow kitchen","120"
"1060","1060","Hair TV hit","22"
"1061","1061","Behavior begin","187"
"1062","1062","Draw shoulder","108"
"1063","1063","Myself employee","67"
"1064","1064","None window cover","133"
"1065","1065","Over environmental southern","21"
"1066","1066","Last","193"
"1067","1067","Raise whether","154"
"1068","1068","Base relate","60"
"1069","1069","Southern few","80"
"1070","1070","Land meeting wish","176"
"1071","1071","Sea decide","5"
"1072","1072","Worker magazine white","132"
"1073","1073","Here shoulder current","28"
"1074","1074","Way maybe","119"
"1075","1075","Total concern","68"
"1076","1076","Mind available class","86"
"1077","1077","Base","107"
"1078","1078","Interesting above","70"
"1079","1079","Serve address order","15"
"1080","1080","Like for","81"
"1081","1081","She return","85"
"1082","1082","Model direction","200"
"1083","1083","Walk","100"
"1084","1084","Pull information","65"
"1085","1085","Level office","0"
"1086","1086","Most institution","158"
"1087","1087","Almost example","198"
"1088","1088","Artist level","67"
"1089","1089","Lot now","85"
"1090","1090","Must doctor even","99"
"1091","1091","Mouth travel question","137"
"1092","1092","Ever short account husband","120"
"1093","1093","Music have music","145"
"1094","1094","Sea no yes","47"
"1095","1095","Effect remain bit sort","200"
"1096","1096","Understand forget send","154"
"1097","1097","Join open computer food","89"
"1098","1098","Middle road","195"
"1099","1099","Cold remain light","155"
"1100","1100","Walk","9"
"1101","1101","Spend team","46"
"1102","1102","Ten black","131"
"1103","1103","Spend personal","112"
"1104","1104","Next provide","120"
"1105","1105","Work specific onto","1"
"1106","1106","Film car community","193"
"1107","1107","Body conference style","151"
"1108","1108","Than political","11"
"1109","1109","Tv","88"
"1110","1110","Machine perform","140"
"1111","1111","Environmental take six throw","197"
"1112","1112","Second myself","91"
"1113","1113","Early check able","134"
"1114","1114","Support win institution","78"
"1115","1115","Girl best information","54"
"1116","1116","Act adult she one","114"
"1117","1117","Early relate","187"
"1118","1118","Agency stage","169"
"1119","1119","City very should","129"
"1120","1120","Dark teach","162"
"1121","1121","Member","63"
"1122","1122","Oil five","189"
"1123","1123","Politics ground smile","100"
"1124","1124","Say down","163"
"1125","1125","Assume","119"
"1126","1126","Art environmental sell","62"
"1127","1127","Clearly let everybody","194"
"1128","1128","Pattern get social administration","117"
"1129","1129","Very do","150"
"1130","1130","Mind","58"
"1131","1131","Professional head most","93"
"1132","1132","Hair bed","123"
"1133","1133","Over attack","131"
"1134","1134","Hot board tree","71"
"1135","1135","Never offer","150"
"1136","1136","Step","65"
"1137","1137","Tell present accept best","185"
"1138","1138","Allow international short","126"
"1139","1139","Theory middle woman","164"
"1140","1140","Station him","70"
"1141","1141","Process space too people","42"
"1142","1142","Next Republican its","189"
"1143","1143","Begin executive worker","83"
"1144","1144","Process society specific enjoy","56"
"1145","1145","Nothing nearly animal","33"
"1146","1146","Occur Republican provide","186"
"1147","1147","Instead interest American","70"
"1148","1148","War step official","110"
"1149","1149","She big","44"
"1150","1150","Bill above","7"
"1151","1151","Order actually","66"
"1152","1152","Fine citizen left","71"
"1153","1153","Assume bad","22"
"1154","1154","Series from","136"
"1155","1155","Realize house","18"
"1156","1156","School","54"
"1157","1157","Response south","157"
"1158","1158","While data","141"
"1159","1159","To today rather","72"
"1160","1160","Issue goal","57"
"1161","1161","Current job","187"
"1162","1162","Region manage record hear","19"
"1163","1163","Available answer","198"
"1164","1164","Fact economy","187"
"1165","1165","Seem cell edge impact","163"
"1166","1166","Consumer road","146"
"1167","1167","Them lot","71"
"1168","1168","Specific board","84"
"1169","1169","Light improve","17"
"1170","1170","Tax letter","37"
"1171","1171","Officer","134"
"1172","1172","Decision","14"
"1173","1173","Popular example","89"
"1174","1174","Model executive policy","102"
"1175","1175","Traditional product","200"
"1176","1176","Daughter throw yes","132"
"1177","1177","Detail particular off","14"
"1178","1178","Detail leave clearly","117"
"1179","1179","Compare and here civil","165"
"1180","1180","Create far during","101"
"1181","1181","Wind ever","47"
"1182","1182","Much assume front","148"
"1183","1183","Film air together","144"
"1184","1184","Third interesting whether","61"
"1185","1185","Court ball wife","46"
"1186","1186","Economy economic pass","128"
"1187","1187","Opportunity left deep","142"
"1188","1188","Those in","175"
"1189","1189","Enough civil","8"
"1190","1190","Leader process race","136"
"1191","1191","Develop able","171"
"1192","1192","Piece girl wonder leader","54"
"1193","1193","Population certainly","2"
"1194","1194","Light court share","17"
"1195","1195","Case friend book","138"
"1196","1196","Court remain","37"
"1197","1197","Step allow represent","18"
"1198","1198","Two tonight agree","186"
"1199","1199","Personal long","80"
"1200","1200","Director voice","93"
"1201","1201","Military consumer mother","89"
"1202","1202","Bad accept factor","83"
"1203","1203","Against citizen","195"
"1204","1204","Important","15"
"1205","1205","Respond student force cell","117"
"1206","1206","Religious case","200"
"1207","1207","Crime course grow region","127"
"1208","1208","Line investment community","102"
"1209","1209","Career","155"
"1210","1210","Along else","101"
"1211","1211","Usually herself","95"
"1212","1212","True nature","143"
"1213","1213","Build former","178"
"1214","1214","Whether radio","119"
"1215","1215","Base many quality seem","160"
"1216","1216","Important suffer get","42"
"1217","1217","Develop red list","82"
"1218","1218","Citizen everything","83"
"1219","1219","Heart his","5"
"1220","1220","Season question oil safe","45"
"1221","1221","Baby second","184"
"1222","1222","Size training chance","197"
"1223","1223","Past be","42"
"1224","1224","Treat remember your","71"
"1225","1225","Agent","116"
"1226","1226","Fear plan although","108"
"1227","1227","Window medical","135"
"1228","1228","No within into audience","133"
"1229","1229","First three buy","130"
"1230","1230","Result order","88"
"1231","1231","Black","127"
"1232","1232","Minute leader","51"
"1233","1233","Behind air real","133"
"1234","1234","Thought blue surface","104"
"1235","1235","Democratic air number","188"
"1236","1236","Whom sea continue","71"
"1237","1237","Draw while","134"
"1238","1238","Else method","121"
"1239","1239","Admit back medical","161"
"1240","1240","Again true newspaper","122"
"1241","1241","Personal quickly","88"
"1242","1242","Level new lot","196"
"1243","1243","Wait whether should","198"
"1244","1244","Wife maintain couple","140"
"1245","1245","Pretty several","80"
"1246","1246","Card military out","131"
"1247","1247","Capital situation","122"
"1248","1248","Blue control","188"
"1249","1249","Mother medical couple","19"
"1250","1250","Nice","63"
"1251","1251","Action population","148"
"1252","1252","Price","141"
"1253","1253","Partner bad chance","198"
"1254","1254","Third not begin able","162"
"1255","1255","Player gun two","49"
"1256","1256","Term","30"
"1257","1257","Treat ground be","25"
"1258","1258","Seven scientist expect","85"
"1259","1259","Number","65"
"1260","1260","He study should","56"
"1261","1261","Middle part","163"
"1262","1262","Meeting safe note treat","16"
"1263","1263","Available firm","19"
"1264","1264","Enjoy party","54"
"1265","1265","Training service shoulder","164"
"1266","1266","Factor","112"
"1267","1267","Today","72"
"1268","1268","Meeting pull whatever","107"
"1269","1269","Picture yet commercial","36"
"1270","1270","That news","60"
"1271","1271","Study color eight","155"
"1272","1272","Bring herself prepare","75"
"1273","1273","Structure yourself","175"
"1274","1274","Yourself national","166"
"1275","1275","Trouble out","164"
"1276","1276","Buy agree","31"
"1277","1277","Series road","81"
"1278","1278","Plant him","58"
"1279","1279","Clear first western real","25"
"1280","1280","Step want interview","152"
"1281","1281","Business cultural film","45"
"1282","1282","Summer it","110"
"1283","1283","High owner","131"
"1284","1284","Contain on","137"
"1285","1285","Each deep","198"
"1286","1286","Throughout south smile","45"
"1287","1287","Boy","130"
"1288","1288","That agreement market","157"
"1289","1289","View even","131"
"1290","1290","Center visit out","138"
"1291","1291","Represent she music","27"
"1292","1292","Skill stock","116"
"1293","1293","Mind across","32"
"1294","1294","Choose soon market","193"
"1295","1295","Republican or identify","27"
"1296","1296","Grow","56"
"1297","1297","Many","103"
"1298","1298","Far military term","85"
"1299","1299","Opportunity city well","26"
"1300","1300","Suffer","59"
"1301","1301","Rate soldier serve","88"
"1302","1302","Tax be able","155"
"1303","1303","Head concern girl","75"
"1304","1304","Game admit fine why","56"
"1305","1305","Blue instead we","51"
"1306","1306","Foreign old","72"
"1307","1307","Statement school mean","26"
"1308","1308","Or","164"
"1309","1309","With the","163"
"1310","1310","Address popular public","170"
"1311","1311","Suggest onto research","199"
"1312","1312","See television me","9"
"1313","1313","Hand security teach","159"
"1314","1314","One mother","135"
"1315","1315","Training benefit","26"
"1316","1316","Collection TV phone","101"
"1317","1317","Know","14"
"1318","1318","Daughter everybody","191"
"1319","1319","Just public spend century","16"
"1320","1320","Teacher","66"
"1321","1321","Store green particularly","10"
"1322","1322","Care region","169"
"1323","1323","Population issue page","167"
"1324","1324","Now last right","20"
"1325","1325","Number main","200"
"1326","1326","Parent main","137"
"1327","1327","Five add","200"
"1328","1328","Evening full","150"
"1329","1329","Seem sit","185"
"1330","1330","Decide father could","1"
"1331","1331","Sell else","197"
"1332","1332","Guy buy base consumer","53"
"1333","1333","Your long","38"
"1334","1334","Area dinner theory","96"
"1335","1335","Reflect network second","21"
"1336","1336","Position a today","151"
"1337","1337","Such new","73"
"1338","1338","Sort","176"
"1339","1339","Five rule speech","179"
"1340","1340","Time boy significant","18"
"1341","1341","Recently whatever seek","189"
"1342","1342","Per safe party","109"
"1343","1343","Year real","36"
"1344","1344","Nor collection","175"
"1345","1345","Others day try","190"
"1346","1346","Beautiful apply believe","125"
"1347","1347","Television five see","132"
"1348","1348","Certainly some","103"
"1349","1349","Likely a production","127"
"1350","1350","Section program left","42"
"1351","1351","Share toward","82"
"1352","1352","Guy though develop","198"
"1353","1353","Doctor thank","93"
"1354","1354","Medical","159"
"1355","1355","Require race operation","165"
"1356","1356","Television work between","5"
"1357","1357","Challenge sister","116"
"1358","1358","Easy start","139"
"1359","1359","Responsibility democratic","16"
"1360","1360","Benefit up","177"
"1361","1361","View","81"
"1362","1362","Lawyer note","47"
"1363","1363","Cover yet","165"
"1364","1364","Central professor run","178"
"1365","1365","Thing home","80"
"1366","1366","Medical one","191"
"1367","1367","If energy","102"
"1368","1368","Week prepare movie","49"
"1369","1369","Room pull","85"
"1370","1370","Station mission kind","82"
"1371","1371","Although","94"
"1372","1372","Less quickly","89"
"1373","1373","Enter story","187"
"1374","1374","Court order light","178"
"1375","1375","Few hospital","78"
"1376","1376","Property security few","187"
"1377","1377","Without task","70"
"1378","1378","Chair real","78"
"1379","1379","Movement successful old","136"
"1380","1380","Ok","3"
"1381","1381","Program almost","12"
"1382","1382","Trade interview since degree","45"
"1383","1383","Subject rate ball","72"
"1384","1384","South security","185"
"1385","1385","Human myself material","118"
"1386","1386","Production","90"
"1387","1387","Discover boy","48"
"1388","1388","Save strategy policy","115"
"1389","1389","Organization risk rate","86"
"1390","1390","Land young","147"
"1391","1391","Worry deal","120"
"1392","1392","International simple","156"
"1393","1393","Four change","103"
"1394","1394","Me general start responsibility","65"
"1395","1395","Mind one owner","50"
"1396","1396","Free threat key arrive","140"
"1397","1397","Interesting true peace","19"
"1398","1398","Cover bag up","135"
"1399","1399","National always","186"
"1400","1400","Interest pull attack small","65"
"1401","1401","Region first","123"
"1402","1402","Region threat","124"
"1403","1403","Benefit evening Republican","68"
"1404","1404","Various reflect accept","117"
"1405","1405","Blue gas ahead","197"
"1406","1406","Food friend","57"
"1407","1407","Product fact Congress","52"
"1408","1408","Nor if","133"
"1409","1409","Plan indicate side","124"
"1410","1410","Green fall force","80"
"1411","1411","Interview break","103"
"1412","1412","Door table","6"
"1413","1413","Yeah do","131"
"1414","1414","Offer cut nothing","194"
"1415","1415","Maintain","8"
"1416","1416","After view weight","120"
"1417","1417","Individual big","40"
"1418","1418","Help administration","42"
"1419","1419","Keep rather wide","10"
"1420","1420","Bed way","31"
"1421","1421","Style computer","4"
"1422","1422","Final plan","147"
"1423","1423","Heavy onto range","9"
"1424","1424","Difference real service","163"
"1425","1425","Effect among history","18"
"1426","1426","Listen group","95"
"1427","1427","Attention girl","44"
"1428","1428","Tough more but of","62"
"1429","1429","Four","163"
"1430","1430","Including pick","193"
"1431","1431","Soldier total","108"
"1432","1432","Plan","139"
"1433","1433","Memory vote","116"
"1434","1434","Season special","190"
"1435","1435","All case dream","186"
"1436","1436","Of service child","163"
"1437","1437","Explain opportunity bed room","40"
"1438","1438","During arrive","102"
"1439","1439","Trial prove game","71"
"1440","1440","Body protect other plan","177"
"1441","1441","Cup find pass","143"
"1442","1442","Another activity","8"
"1443","1443","Around home accept land","115"
"1444","1444","Less doctor","161"
"1445","1445","Into around","123"
"1446","1446","Develop one","94"
"1447","1447","Small true","181"
"1448","1448","Long laugh quite","44"
"1449","1449","Democratic wear","58"
"1450","1450","Plan into","149"
"1451","1451","Will someone","46"
"1452","1452","Shake also","11"
"1453","1453","Recognize herself out","48"
"1454","1454","Professional season person","15"
"1455","1455","Money local tend","53"
"1456","1456","News method","59"
"1457","1457","Everyone","127"
"1458","1458","Term week across","159"
"1459","1459","Heavy performance size","196"
"1460","1460","Name professor","140"
"1461","1461","System expect federal","76"
"1462","1462","Rock affect","73"
"1463","1463","Bad throughout","37"
"1464","1464","Green very picture oil","8"
"1465","1465","Professional pressure","98"
"1466","1466","Example also begin me","88"
"1467","1467","Happy five give","90"
"1468","1468","Care PM","47"
"1469","1469","Find","2"
"1470","1470","You quickly situation","44"
"1471","1471","Far those","105"
"1472","1472","Customer happy pass","74"
"1473","1473","Technology brother","142"
"1474","1474","Film believe scientist as","19"
"1475","1475","Economic air adult","0"
"1476","1476","Because this hand","59"
"1477","1477","See poor","88"
"1478","1478","Sign","89"
"1479","1479","Rather follow","2"
"1480","1480","Fact organization window","139"
"1481","1481","Wish stage middle","176"
"1482","1482","Up plant force","134"
"1483","1483","Shoulder relate","43"
"1484","1484","Yourself smile less","25"
"1485","1485","Operation from","124"
"1486","1486","Magazine cold step","25"
"1487","1487","Prevent candidate if","51"
"1488","1488","Say imagine his administration","158"
"1489","1489","For edge","23"
"1490","1490","Offer thus","125"
"1491","1491","Family per","82"
"1492","1492","Claim enter","85"
"1493","1493","Million can treatment now","44"
"1494","1494","Course join","187"
"1495","1495","Rest place mean","118"
"1496","1496","Painting wife also lay","128"
"1497","1497","Think including","48"
"1498","1498","Plan thing","141"
"1499","1499","Assume huge artist","39"
"1500","1500","Treat less","110"
"1501","1501","Discover by","153"
"1502","1502","Cover stand effect","138"
"1503","1503","May one","39"
"1504","1504","Yourself wait edge","8"
"1505","1505","Memory interest economy","43"
"1506","1506","Throughout","58"
"1507","1507","Pay business","156"
"1508","1508","After enough","194"
"1509","1509","Condition local certainly","125"
"1510","1510","Check support","2"
"1511","1511","Act","12"
"1512","1512","Question than","176"
"1513","1513","Who government condition","35"
"1514","1514","Month audience her argue","151"
"1515","1515","Call recently","96"
"1516","1516","Best","66"
"1517","1517","Offer account","184"
"1518","1518","Visit morning","90"
"1519","1519","Hot notice","145"
"1520","1520","Whom month","114"
"1521","1521","Beat","87"
"1522","1522","Expert which religious","182"
"1523","1523","Make seek maintain","71"
"1524","1524","Campaign human","54"
"1525","1525","Physical simply although sign","177"
"1526","1526","Air kind TV","19"
"1527","1527","Marriage effect support","36"
"1528","1528","Poor nice","162"
"1529","1529","Medical physical pressure","37"
"1530","1530","Identify","12"
"1531","1531","Nearly no","61"
"1532","1532","People health","148"
"1533","1533","Interview beat available","119"
"1534","1534","Future central","28"
"1535","1535","Carry long","139"
"1536","1536","Late season","149"
"1537","1537","Truth full","114"
"1538","1538","Strong figure push","71"
"1539","1539","Get many especially","156"
"1540","1540","Place challenge another","153"
"1541","1541","Reduce find","186"
"1542","1542","Science direction","51"
"1543","1543","Candidate trip","112"
"1544","1544","Plan","6"
"1545","1545","Minute too","90"
"1546","1546","Check light risk","39"
"1547","1547","Vote we","124"
"1548","1548","Follow factor","90"
"1549","1549","Great","141"
"1550","1550","Vote reflect to","142"
"1551","1551","Read happen visit manage","168"
"1552","1552","Assume wall make","153"
"1553","1553","Girl fish control","17"
"1554","1554","Leg small reality","176"
"1555","1555","Majority financial","58"
"1556","1556","Improve last","140"
"1557","1557","Sister lot","131"
"1558","1558","Add","147"
"1559","1559","Outside baby line","142"
"1560","1560","Then avoid","64"
"1561","1561","Child ground as","95"
"1562","1562","What attention skin activity","81"
"1563","1563","Budget analysis","13"
"1564","1564","Mrs blood","19"
"1565","1565","Agent wait these","98"
"1566","1566","Along rock film","34"
"1567","1567","Expect thing cell","125"
"1568","1568","Keep pull add","191"
"1569","1569","Resource sound","99"
"1570","1570","Thousand how stuff everybody","25"
"1571","1571","Budget most police improve","110"
"1572","1572","Meeting continue","13"
"1573","1573","Health goal future","61"
"1574","1574","Cost inside address generation","176"
"1575","1575","North","52"
"1576","1576","Of water society","183"
"1577","1577","Wall across indeed","134"
"1578","1578","But manager nearly","20"
"1579","1579","Tree drive recent","152"
"1580","1580","Good speak key","82"
"1581","1581","Inside ability part trip","161"
"1582","1582","Police","186"
"1583","1583","Fast find may might","181"
"1584","1584","Mouth child","179"
"1585","1585","Operation summer above","70"
"1586","1586","Not international century close","117"
"1587","1587","Ok pick significant","84"
"1588","1588","Collection himself","154"
"1589","1589","Off according","188"
"1590","1590","No window","185"
"1591","1591","Save box","18"
"1592","1592","Last become","103"
"1593","1593","Red much","69"
"1594","1594","Drug help accept","79"
"1595","1595","Music summer research","13"
"1596","1596","Blue country near","161"
"1597","1597","Wish off student","75"
"1598","1598","Art election wear","12"
"1599","1599","However someone professional","68"
"1600","1600","Rather alone","160"
"1601","1601","This arrive he","36"
"1602","1602","Fine environmental high","9"
"1603","1603","Audience phone","34"
"1604","1604","Product soon listen","69"
"1605","1605","Charge fast director","57"
"1606","1606","Yes generation both skin","14"
"1607","1607","Thousand born everybody","60"
"1608","1608","Accept happen occur","76"
"1609","1609","Look population building","190"
"1610","1610","Focus far half expect","136"
"1611","1611","Lay believe believe","132"
"1612","1612","Public south take","115"
"1613","1613","Public better","148"
"1614","1614","Ago approach learn","136"
"1615","1615","Step voice","119"
"1616","1616","Hour exist","96"
"1617","1617","Can arm its","49"
"1618","1618","About with part rule","43"
"1619","1619","War sense water","186"
"1620","1620","Small big","102"
"1621","1621","Trial create","51"
"1622","1622","Get chance hear","0"
"1623","1623","Operation company","124"
"1624","1624","Must others expert appear","9"
"1625","1625","Least include audience","131"
"1626","1626","Explain attack financial","111"
"1627","1627","Me idea paper","148"
"1628","1628","Least modern later","171"
"1629","1629","South available gas","110"
"1630","1630","Tonight subject us","27"
"1631","1631","Official hard there","11"
"1632","1632","Hot two","200"
"1633","1633","Huge strategy","32"
"1634","1634","Plant movement","14"
"1635","1635","Yet worry camera cell","98"
"1636","1636","Century assume","172"
"1637","1637","Teach","148"
"1638","1638","Sort lead research","153"
"1639","1639","Capital design","118"
"1640","1640","Reflect house address","157"
"1641","1641","Former mother act","62"
"1642","1642","Color when expect","93"
"1643","1643","Prevent outside","175"
"1644","1644","Edge newspaper tax","101"
"1645","1645","Notice skill hope","127"
"1646","1646","Off foot","132"
"1647","1647","Affect dark man","90"
"1648","1648","Once gas","156"
"1649","1649","Mrs everyone probably","174"
"1650","1650","Unit focus defense","98"
"1651","1651","Court trip","124"
"1652","1652","Door past","75"
"1653","1653","Director road more","107"
"1654","1654","Response peace","192"
"1655","1655","Chance leave participant","106"
"1656","1656","Treat continue","33"
"1657","1657","Personal discussion","146"
"1658","1658","World religious dark","104"
"1659","1659","Little respond","104"
"1660","1660","Life clearly","183"
"1661","1661","So feel","49"
"1662","1662","Analysis then again","84"
"1663","1663","Institution find official no","144"
"1664","1664","Position candidate eat","59"
"1665","1665","First project various","125"
"1666","1666","Wide act","28"
"1667","1667","Forward age tree","33"
"1668","1668","Degree child","1"
"1669","1669","Ever hot","36"
"1670","1670","Age one turn","128"
"1671","1671","Teacher help establish","87"
"1672","1672","Pull section sit","44"
"1673","1673","Only","40"
"1674","1674","You","169"
"1675","1675","Crime get","132"
"1676","1676","It those","14"
"1677","1677","Clearly list","154"
"1678","1678","Cover clearly understand similar","25"
"1679","1679","Lawyer sister","95"
"1680","1680","Authority for","144"
"1681","1681","Left of tough","135"
"1682","1682","Star treat stop","104"
"1683","1683","Rest group outside","100"
"1684","1684","Ahead artist suffer","173"
"1685","1685","Father former staff","104"
"1686","1686","National write tough","25"
"1687","1687","Leave energy","189"
"1688","1688","Whole","13"
"1689","1689","Of news","9"
"1690","1690","Meet drop social","89"
"1691","1691","Live produce heavy case","46"
"1692","1692","Method phone when street","153"
"1693","1693","Sit","95"
"1694","1694","Research Democrat","176"
"1695","1695","Bit else","125"
"1696","1696","Successful around","139"
"1697","1697","Less author work","75"
"1698","1698","Citizen rise surface","50"
"1699","1699","Card quite","95"
"1700","1700","Argue term","39"
"1701","1701","Hospital story four","184"
"1702","1702","Technology decide something","92"
"1703","1703","Sport development","16"
"1704","1704","You push","129"
"1705","1705","Stuff bad","155"
"1706","1706","Effort","188"
"1707","1707","Large mission audience","36"
"1708","1708","Level indicate message","193"
"1709","1709","Society father","94"
"1710","1710","Cut prevent state","158"
"1711","1711","Forward unit week election","30"
"1712","1712","Training example","106"
"1713","1713","Marriage area","15"
"1714","1714","College either","160"
"1715","1715","Guy local","150"
"1716","1716","However particular prevent","26"
"1717","1717","Major country","158"
"1718","1718","Task","29"
"1719","1719","Hotel professional wife","76"
"1720","1720","Particular father","17"
"1721","1721","Create walk note","19"
"1722","1722","Opportunity scientist produce","158"
"1723","1723","Surface cold population","116"
"1724","1724","Already effect talk","190"
"1725","1725","Can return affect","140"
"1726","1726","Choice so","79"
"1727","1727","On pass edge","58"
"1728","1728","Above western","50"
"1729","1729","Fish over","0"
"1730","1730","His ability","146"
"1731","1731","Another analysis majority","192"
"1732","1732","Fear deep on","45"
"1733","1733","Nothing store form","30"
"1734","1734","Specific","42"
"1735","1735","Read however truth","184"
"1736","1736","Move sense letter","65"
"1737","1737","Continue top customer","104"
"1738","1738","Least number","141"
"1739","1739","Third teach","115"
"1740","1740","Others memory","116"
"1741","1741","Exist road act","114"
"1742","1742","Memory ok building","176"
"1743","1743","Dinner national","148"
"1744","1744","Home board challenge true","22"
"1745","1745","Phone","158"
"1746","1746","Smile ten child","45"
"1747","1747","Later organization","0"
"1748","1748","Little","85"
"1749","1749","Possible","200"
"1750","1750","Morning religious if","24"
"1751","1751","Course defense score","80"
"1752","1752","Nothing region word","170"
"1753","1753","Remember but economic","175"
"1754","1754","Full major","131"
"1755","1755","Certain","164"
"1756","1756","Game animal win","188"
"1757","1757","Between final green","58"
"1758","1758","Month find individual","53"
"1759","1759","Product glass","122"
"1760","1760","Threat guess serious","67"
"1761","1761","Upon choice several","123"
"1762","1762","Not town leader","3"
"1763","1763","Record standard project","100"
"1764","1764","Difficult difference respond","93"
"1765","1765","Admit should work","163"
"1766","1766","Interest yeah","97"
"1767","1767","Play writer","156"
"1768","1768","Song law avoid lay","173"
"1769","1769","Operation prevent else offer","153"
"1770","1770","Employee Mr pretty","158"
"1771","1771","Customer pull","167"
"1772","1772","Defense act prepare","141"
"1773","1773","Wish","39"
"1774","1774","Themselves skill","195"
"1775","1775","Director institution","194"
"1776","1776","Quality magazine cold","156"
"1777","1777","Discussion public artist than","183"
"1778","1778","Agree production history","59"
"1779","1779","Discuss newspaper","25"
"1780","1780","Issue now","159"
"1781","1781","However change use","17"
"1782","1782","Knowledge","88"
"1783","1783","Want right degree","41"
"1784","1784","Give key media too","90"
"1785","1785","Suffer sound","55"
"1786","1786","Be prove","101"
"1787","1787","Key want could","75"
"1788","1788","Evidence media value","194"
"1789","1789","True TV speak","74"
"1790","1790","View view","106"
"1791","1791","Land Mrs parent","188"
"1792","1792","Although method","175"
"1793","1793","Record","80"
"1794","1794","People past food","156"
"1795","1795","Dog stuff until","11"
"1796","1796","Right water","37"
"1797","1797","If business","170"
"1798","1798","Ever what","47"
"1799","1799","Fast article hospital","117"
"1800","1800","Full kitchen","35"
"1801","1801","Believe human high fall","148"
"1802","1802","Dog partner often","57"
"1803","1803","Industry stage","76"
"1804","1804","Current animal wonder","121"
"1805","1805","Direction statement person","199"
"1806","1806","She heavy many nor","66"
"1807","1807","Prevent stop affect media","135"
"1808","1808","Sometimes identify enough","109"
"1809","1809","Strategy well","172"
"1810","1810","Summer available","176"
"1811","1811","Page audience idea","28"
"1812","1812","Lot consumer society","120"
"1813","1813","Avoid contain decision","90"
"1814","1814","Article than","52"
"1815","1815","Base keep information","192"
"1816","1816","Woman total","133"
"1817","1817","Out past","2"
"1818","1818","Respond direction image","13"
"1819","1819","Believe south thousand","87"
"1820","1820","Democrat year word test","28"
"1821","1821","Ground remember another","194"
"1822","1822","Ago according many","20"
"1823","1823","Threat throw enough","36"
"1824","1824","Store lot against do","29"
"1825","1825","Peace condition mother","55"
"1826","1826","Over page job","4"
"1827","1827","Author society back poor","178"
"1828","1828","Who box prepare","17"
"1829","1829","Structure ask under","115"
"1830","1830","Or","57"
"1831","1831","Indeed our smile","23"
"1832","1832","Fund tax","13"
"1833","1833","Realize","178"
"1834","1834","Central because oil","107"
"1835","1835","Key traditional","145"
"1836","1836","Pay check","135"
"1837","1837","Break scene","169"
"1838","1838","Gun technology","3"
"1839","1839","Blood","95"
"1840","1840","Raise perhaps language professional","165"
"1841","1841","Risk leg about likely","161"
"1842","1842","On reflect","76"
"1843","1843","Leg one","141"
"1844","1844","Will focus learn","115"
"1845","1845","Rock environmental road every","93"
"1846","1846","Sister successful range","182"
"1847","1847","About although both","5"
"1848","1848","Sing four reality","16"
"1849","1849","Themselves soon house","86"
"1850","1850","Usually run run","161"
"1851","1851","Large","50"
"1852","1852","May lot","53"
"1853","1853","Series speech institution","54"
"1854","1854","Lot","74"
"1855","1855","Build put","37"
"1856","1856","Last stuff nice","132"
"1857","1857","Agreement lay no","44"
"1858","1858","Face cultural","151"
"1859","1859","Air least","137"
"1860","1860","Career all","102"
"1861","1861","Above discuss simply","46"
"1862","1862","Edge","177"
"1863","1863","One raise","25"
"1864","1864","It might oil","72"
"1865","1865","Character itself","4"
"1866","1866","Worry blue debate","52"
"1867","1867","Would make order","13"
"1868","1868","Get production real","139"
"1869","1869","Whose indeed financial","98"
"1870","1870","Firm","178"
"1871","1871","Best brother","15"
"1872","1872","Apply science","107"
"1873","1873","Agent say","94"
"1874","1874","Every call","164"
"1875","1875","Owner watch health idea","97"
"1876","1876","Red perhaps start","177"
"1877","1877","Fire little","154"
"1878","1878","Tough","113"
"1879","1879","Represent near","111"
"1880","1880","Chair exactly","0"
"1881","1881","Program country court","5"
"1882","1882","Agency chair","8"
"1883","1883","Evidence room","107"
"1884","1884","Instead issue small","18"
"1885","1885","Newspaper term","91"
"1886","1886","Behavior operation for","150"
"1887","1887","Term treatment tough","136"
"1888","1888","Remember front reveal effort","144"
"1889","1889","Along seek","70"
"1890","1890","Find","190"
"1891","1891","Contain PM","60"
"1892","1892","Although green","158"
"1893","1893","Public understand","54"
"1894","1894","Modern find line","62"
"1895","1895","Sister source discussion","108"
"1896","1896","Finish lawyer","55"
"1897","1897","Star","66"
"1898","1898","Too again","163"
"1899","1899","Gun evidence","96"
"1900","1900","Off mouth paper","42"
"1901","1901","Whole he","18"
"1902","1902","Like room","59"
"1903","1903","We knowledge appear","44"
"1904","1904","Party citizen right","136"
"1905","1905","System movement","81"
"1906","1906","New bar perhaps","192"
"1907","1907","Particular","56"
"1908","1908","Control air talk","173"
"1909","1909","Return go wrong","157"
"1910","1910","Early image","76"
"1911","1911","Everything space art","69"
"1912","1912","Apply between","182"
"1913","1913","Arrive ago tree suffer","1"
"1914","1914","Medical not","86"
"1915","1915","Quality baby such","116"
"1916","1916","Home","110"
"1917","1917","Way provide reflect form","55"
"1918","1918","Choice research","198"
"1919","1919","True","66"
"1920","1920","Century along offer","76"
"1921","1921","Sense kid","175"
"1922","1922","Democrat sure","8"
"1923","1923","Let last","145"
"1924","1924","Brother top story","188"
"1925","1925","Hope win water","36"
"1926","1926","Car stock","119"
"1927","1927","Simple list near","180"
"1928","1928","Protect occur","104"
"1929","1929","Or them","70"
"1930","1930","Author travel employee","140"
"1931","1931","Authority image","137"
"1932","1932","Likely","188"
"1933","1933","Ever take edge","96"
"1934","1934","Truth investment result","196"
"1935","1935","Really your else","120"
"1936","1936","Those position","117"
"1937","1937","Minute student","59"
"1938","1938","Almost wife then great","52"
"1939","1939","Person push participant","70"
"1940","1940","Commercial military phone","75"
"1941","1941","Above late Mrs","160"
"1942","1942","Hit sport","136"
"1943","1943","Nearly research guy","149"
"1944","1944","Fund long spend","117"
"1945","1945","Good home win","29"
"1946","1946","Place condition","0"
"1947","1947","Behind condition nor","102"
"1948","1948","Take region","187"
"1949","1949","Stand often go","12"
"1950","1950","Happen coach pay","16"
"1951","1951","Church answer","181"
"1952","1952","Prove","139"
"1953","1953","Among mention","4"
"1954","1954","Mind commercial customer","41"
"1955","1955","President","133"
"1956","1956","Bar bar kind","29"
"1957","1957","Guess reduce","183"
"1958","1958","Sea","189"
"1959","1959","See what national side","46"
"1960","1960","Popular ask mother own","40"
"1961","1961","Girl shoulder","13"
"1962","1962","Offer idea","86"
"1963","1963","Certainly animal","4"
"1964","1964","Note which","190"
"1965","1965","Administration already","112"
"1966","1966","Development sell by","98"
"1967","1967","Herself beautiful","183"
"1968","1968","Billion behind only","68"
"1969","1969","But reality","121"
"1970","1970","Entire season seek","102"
"1971","1971","Rule PM difference","148"
"1972","1972","Federal pressure stand","139"
"1973","1973","Over she material","13"
"1974","1974","Return state","120"
"1975","1975","Provide perform","137"
"1976","1976","Drive degree writer","105"
"1977","1977","Baby magazine","12"
"1978","1978","Loss population","104"
"1979","1979","Husband them","118"
"1980","1980","Site clearly act","174"
"1981","1981","Notice","162"
"1982","1982","Method consider record","153"
"1983","1983","Head cause","104"
"1984","1984","Throw skill up","183"
"1985","1985","Financial reality","123"
"1986","1986","Beat owner","104"
"1987","1987","Democrat nation","114"
"1988","1988","Body performance","6"
"1989","1989","Father heavy party","141"
"1990","1990","Tonight executive product","85"
"1991","1991","Number","91"
"1992","1992","Look conference recently","197"
"1993","1993","Trial cost","3"
"1994","1994","House yard","63"
"1995","1995","Off whom fight","13"
"1996","1996","Free top","41"
"1997","1997","Card rest sort","155"
"1998","1998","Than foreign attack","168"
"1999","1999","Finally note little","147"
